ARU,"Forest, Grassland,",Isolated or Embedded,Public or Private,Township Lat,Township Long
07618,F,I,Private,45.6144905,-95.5311866
09263,G,I,Private,43.5150682,-94.512421
09271,F,E,Private,44.9027653,-92.7832304
09287,G,I,Private,43.544105,-91.9296101
09290,G,E,Private,43.9298015,-95.9463585
09319,G,E,Private,44.6743316,-96.2767301
09322,F,E,Private,46.0123124,-92.488194
09324,G,I,Private,43.9460266,-94.0786263
09335,F,I,Private,43.5727087,-91.8824603
09338,G,E,Private,44.0644243,-95.000072
09355,F,E,Private,44.406859,-92.9998964
09358,G,I,Private,43.6303483,-96.2924756
09361,F,E,Private,44.5346099,-92.4162135
09369,G,I,Private,43.9226136,-91.4004799
09371,F,I,Private,44.8184551,-93.7601723
09374,F,E,Private,44.5590594,-92.4921413
09375,F,E,Private,44.150404,-92.5304623
09376,G,I,Private,44.954758,-92.7967472
09377,G,I,Private,45.315621,-94.2992249
09378,G,I,Private,43.6868665,-92.0699943
09379,G,I,Private,44.1040757,-92.5138387
09380,F,E,Private,44.1090985,-93.958861
09383,G,I,Private,45.6299948,-92.9922734
09385,G,E,Private,43.8923738,-96.0041146
09389,G,E,Private,44.3849167,-93.484218
09392,F,E,Private,43.9758002,-91.4275727
09397,G,I,Private,44.0047956,-94.0674094
09398,G,I,Private,43.8917591,-95.7438286
09399,F,I,Private,44.1751248,-93.9230671
09402,G,I,Private,45.3125741,-96.4000708
09403,F,I,Private,44.442347,-93.7985158
09404,F,I,Private,44.1084385,-92.5883888
09410,F,I,Private,43.8036695,-93.4812986
09411,F,E,Private,44.5068622,-92.7763265
09412,G,E,Private,44.0871217,-94.3291528
09414,G,E,Private,43.9492907,-94.8391833
09416,F,E,Private,43.6020913,-92.3494861
09418,F,E,Private,43.7876711,-91.7210961
09422,G,I,Private,45.1478732,-95.1772007
09423,F,E,Private,45.3321769,-92.8041187
09425,F,E,Private,44.0564208,-92.0990569
09428,F,E,Private,44.9508347,-92.810196
09430,F,I,Private,43.9777607,-94.5871196
09432,F,E,Private,43.602886,-91.7896244
09434,G,I,Private,43.7408132,-92.8693248
09439,F,I,Private,44.111544,-93.6674371
09440,F,E,Private,45.4296225,-93.819296
09441,F,E,Private,43.7711838,-92.0293429
09447,F,I,Private,43.9277147,-93.9584774
09448,F,I,Private,44.624041,-93.7957346
09451,F,I,Private,44.9648988,-93.4006711
09452,G,E,Private,45.3126607,-96.3030637
09453,F,E,Private,43.9224171,-91.4503836
09471,G,E,Private,43.9067137,-96.1045358
09472,F,I,Private,43.670283,-94.3476093
09474,F,E,Private,43.7643574,-91.5347715
09477,G,I,Private,43.623415,-91.7404753
09479,F,I,Private,45.1816797,-94.3173371
09483,G,I,Private,45.4288937,-93.5934076
09484,F,E,Private,46.1572585,-94.3570051
09485,G,E,Private,45.7162125,-95.881891
09486,G,E,Private,43.9391978,-91.63030774
09487,G,I,Private,44.0661534,-96.0241517
09488,G,E,Private,43.9623753,-91.5900236
09489,G,I,Private,44.0803457,-93.4667563
09490,F,I,Private,45.102789,-94.4208018
09491,G,I,Private,45.0700119,-94.4407738
09492,G,I,Private,44.2649147,-94.5929979
09493,F,I,Private,45.0230486,-94.2969323
09497,G,I,Private,44.1341147,-94.0478246
09498,F,E,Private,43.845348,-91.4028348
09500,G,I,Private,43.6072297,-91.3904556
09903,G,I,Private,45.0301595,-93.7273166
09905,G,I,Private,44.512682,-92.5208335
09910,G,I,Private,45.9189596,-94.8073753
10926,G,I,Private,44.2380059,-95.8764998
09276,F,E,Public,46.0706937,-92.8249575
09350,G,I,Public,44.5686321,-92.5882077
09362,G,I,Public,45.5133202,-95.1119246
09363,G,I,Public,43.6893949,-96.4322116
09364,F,E,Public,43.8115775,-92.1882945
09366,F,E,Public,44.0578346,-92.0454115
09370,G,I,Public,44.8766364,-94.0847275
09372,G,I,Public,43.8632934,-92.8590092
09391,F,E,Public,44.3419282,-93.0678787
09396,G,I,Public,45.0184267,-92.7797869
09400,F,I,Public,45.2465036,-94.5467797
09413,G,I,Public,43.9761317,-95.7184163
09420,F,E,Public,45.1957065,-92.8552884
09429,G,I,Public,44.0347291,-92.0694475
09431,G,I,Public,44.0830597,-94.3497782
09437,F,I,Public,44.9865538,-93.5715956
09449,F,E,Public,44.5628775,-92.5589676
09742,F,E,Public,45.6340323,-92.9922556
09801,F,I,Public,44.8329613,-94.0914129
09844,G,E,Public,44.283694,-92.4243636
09887,F,I,Public,44.5312566,-94.8819973
09894,F,E,Public,44.2796997,-92.4239768
12666,G,E,Public,45.3121159,-96.3693104
12753,F,I,Public,44.5062329,-94.8600469
12838,G,I,Public,44.8276541,-92.942718
12865,G,I,Public,45.2521697,-94.5466431
14256,G,I,Public,44.00477,-94.0659817
14687,F,I,Public,44.9629812,-92.7731542
16493,G,E,Public,44.0922393,-96.1870399
16500,G,E,Public,45.433739,-94.6398997
16502,G,E,Public,44.7030327,-96.0937199
16504,F,E,Public,43.9258153,-91.4395948
16505,F,E,Public,43.7862864,-91.832422
16506,G,E,Public,44.2215961,-91.9336782
16509,G,I,Public,44.122274,-95.1004032
16510,G,I,Public,43.979306,-91.4295668
16512,F,I,Public,44.1183486,-93.7076204
16513,F,E,Public,43.7589824,-91.3801621
16577,G,I,Public,43.8333477,-92.16578008
16583,G,I,Public,43.76489,-91.4505016
16591,G,I,Public,45.615556,-92.9923412
16592,G,E,Public,44.1415584,-92.527137
16593,G,E,Public,45.7303138,-96.0059539
16599,F,I,Public,45.0091644,-95.8010431
16601,G,I,Public,43.7407902,-92.8692822
16662,F,E,Public,45.2533748,-92.8062657
16514,F,E,Public,45.4440645,-93.7360016
09325,F,I,Private,44.10861836,-95.71086998