"Common.Name","t60","t65","t70","t75","t80","t85","t90","t95"
"Acadian Flycatcher",0.71826631794371,0.734811117929046,0.75249347612078,0.771961880499091,0.794247552504447,0.821229590973432,0.857067333604498,0.91495128492252
"Alder Flycatcher",0.380429637629086,0.401929801482468,0.42490823572002,0.450207658165053,0.479168153312929,0.514231632393705,0.560803204089112,0.636024085509362
"American Bittern",0.77380263062852,0.792289976893012,0.81204844353831,0.83380265835372,0.858704919817449,0.888854954181122,0.928900452340392,0.993580632948304
"American Crow",0.25,0.25,0.25,0.25,0.25,0.256394455727777,0.275099037842093,0.305310067919377
"American Goldfinch",0.25,0.25,0.25,0.25,0.25,0.25,0.263284487921604,0.306480705680532
"American Kestrel",0.25,0.25,0.270519658244568,0.300152584367248,0.334073683359043,0.375143138104985,0.429691891004996,0.517797254945693
"American Redstart",0.25,0.25,0.25,0.25,0.25,0.25,0.25,0.294050996809696
"American Robin",0.25,0.25,0.25,0.25,0.25,0.25,0.25,0.316418937833852
"American Woodcock",0.590163305603415,0.615334607204039,0.642236592809722,0.671855873715125,0.705761352893876,0.746811896188714,0.801335530759795,0.889400324396054
"Bald Eagle",0.789367987857669,0.825779585747602,0.864694708130095,0.907540539594361,0.956586579950557,1.01596832743945,1.09483960271155,1.2222299103333
"Baltimore Oriole",0.25,0.25,0.25,0.25,0.25,0.25,0.25,0.25
"Bank Swallow",0.38413726274526,0.430832427769221,0.480738176675684,0.535684767508102,0.598582664906821,0.674735337656496,0.775881879635067,0.939250470456935
"Barn Swallow",0.25,0.25,0.25,0.25,0.261275942412492,0.305975657210817,0.365346148304949,0.461239426282811
"Barred Owl",0.65630447892785,0.693749085226356,0.733768241789477,0.777829622879131,0.828267114724172,0.889333540942549,0.970442418936652,1.10144682938745
"Bay-breasted Warbler",0.412415177227192,0.447373152269842,0.484734706166517,0.525870047481035,0.572958073112195,0.629969184049445,0.705691762357559,0.827996397489979
"Bell1s Vireo",0.611813798231275,0.641681121132807,0.673602008797883,0.708747137204391,0.748978107808541,0.797687143651163,0.862382844546472,0.966877227456161
"Belted Kingfisher",0.595799692763316,0.648478337346876,0.704778967357947,0.766766368581478,0.837723950173065,0.923634762990834,1.03774213862622,1.2220446446267
"Black Tern",0.327298807263202,0.35998742527243,0.394923589683257,0.433388559615553,0.477419785130985,0.530729921814698,0.601536838804823,0.71590185833825
"Black-and-white Warbler",0.256455963108438,0.28653896776416,0.318690366649463,0.354089289578197,0.394610781242481,0.443671561040532,0.508834450853432,0.614083422042873
"Black-billed Cuckoo",0.779368208622351,0.801303243956111,0.824746449801069,0.850557589150512,0.880103851620131,0.915876539577593,0.963390087737217,1.04013241877439
"Black-capped Chickadee",0.25,0.25,0.25,0.25,0.25,0.293516683431206,0.362993080997125,0.475209089015758
"Black-crowned Night Heron",0.848894807886206,0.872333593191219,0.897383941198433,0.924964555703224,0.956536353607972,0.994761427789993,1.04553225343251,1.12753563266656
"Black-throated Blue Warbler",0.879884086181556,0.902366821133,0.92639538436094,0.952851006426668,0.983135014535278,1.01980091680581,1.06850083880828,1.14715936212551
"Black-throated Green Warbler",0.704722920368195,0.731907291587648,0.760960757906098,0.792948834651632,0.82956589748742,0.873899449458345,0.932783600382719,1.02789135760387
"Blackburnian Warbler",0.559782915978758,0.58745231095843,0.61702414944622,0.649582957702888,0.686853342455207,0.731977894001118,0.79191265639883,0.888717326955262
"Blackpoll Warbler",0.25,0.25,0.25,0.25,0.25,0.270416866828607,0.359284907802372,0.502821664857892
"Blue Grosbeak",0.682341756729748,0.70023904862424,0.719366890980807,0.740426783889,0.76453424830672,0.793721994233891,0.832489373789785,0.895105178977121
"Blue Jay",0.25,0.25,0.25,0.25,0.25,0.252730455332395,0.26118089482963,0.27482976868615
"Blue-gray Gnatcatcher",0.25,0.25,0.25,0.25,0.25,0.25,0.25,0.472062365816763
"Blue-headed Vireo",0.80105484120838,0.828493569787898,0.857818882121614,0.890106263297951,0.927065942829231,0.971814312753848,1.03124942794581,1.12724708465566
"Blue-winged Teal",0.583333542660145,0.616511666966892,0.651970994286761,0.691011970369285,0.735702555731964,0.789811002323454,0.861678240424885,0.977755855983685
"Blue-winged Warbler",0.444176898972125,0.466102040880499,0.489534673065361,0.515334170738491,0.544867106867909,0.580623660161636,0.628115778141806,0.704823495853106
"Bobolink",0.25,0.25,0.25,0.25,0.25,0.25,0.25,0.25
"Broad-winged Hawk",0.932628250282864,0.956660024394618,0.982344132888133,1.01062252227637,1.04299306988263,1.0821852181187,1.13424051865713,1.21831853978784
"Brown Creeper",0.77625379107702,0.819211014597954,0.865121815205565,0.91566993904002,0.973532868449672,1.04358953027635,1.13663930555637,1.28693026327402
"Brown Thrasher",0.452638641134449,0.484957350386297,0.519498172505162,0.557527867711977,0.601060830012006,0.653767702085056,0.723773358567003,0.836844208299449
"Brown-headed Cowbird",0.25,0.25,0.25,0.25,0.25,0.266963176466709,0.336168222361712,0.447945952024725
"Canada Goose",0.25,0.25,0.25,0.25,0.25,0.25,0.25,0.25
"Canada Warbler",0.467777146470589,0.498619863981771,0.53158321072048,0.567876094113807,0.609420911024092,0.659720666301422,0.726529172489958,0.834436089498031
"Cedar Waxwing",0.25,0.25,0.25,0.25,0.296899148700983,0.371364238260832,0.47026931979174,0.630017576912086
"Chestnut-sided Warbler",0.396815096446593,0.434377427834247,0.47452240382077,0.518722313006444,0.569318379311489,0.630576797145779,0.711940679821101,0.843356965503703
"Chimney Swift",0.272771601496776,0.318361747195651,0.367086499805254,0.420732805165156,0.482142253125968,0.556492808354436,0.655245764541103,0.814748313774348
"Chipping Sparrow",0.25,0.25,0.25,0.266890983139694,0.291292547628475,0.320836370744128,0.360076694649734,0.423456384102792
"Clay-colored Sparrow",0.419317665448848,0.460197240849372,0.503887542067806,0.551990879999751,0.607055239188243,0.673723574679173,0.762272949913064,0.905295008474221
"Cliff Swallow",0.972128285553269,1.00268081663731,1.03533402482182,1.07128544342175,1.11243938225909,1.16226588785391,1.22844582032139,1.33533748558652
"Common Grackle",0.25,0.25,0.25,0.25,0.25,0.278295120894089,0.376670792814659,0.53556396482466
"Common Loon",0.690657473637599,0.728854126224929,0.769677036950537,0.814623357191768,0.866073847497983,0.928366746197954,1.01110463399389,1.14474016786774
"Common Nighthawk",0.747119439888015,0.776131119493972,0.807137533049353,0.841275818840863,0.880354246902605,0.927667859389406,0.990510148684818,1.09201096171693
"Common Raven",0.537370078489555,0.584068135767383,0.63397697578821,0.68892696995992,0.751828763194255,0.827986152767658,0.929138959666314,1.09251766938247
"Common Yellowthroat",0.25,0.25,0.25,0.25,0.25,0.25,0.25,0.25
"Connecticut Warbler",0.889610663110726,0.898008817068705,0.906984396499458,0.916866574430298,0.928178799704939,0.941874904424457,0.9600661717948,0.989448112664182
"Cooper1s Hawk",0.660819502533994,0.691612029428628,0.724521734632809,0.76075555830829,0.802232768984645,0.852450671042371,0.919150459180526,1.02688177834472
"Dickcissel",0.25,0.25,0.25,0.25,0.25,0.25,0.25,0.25
"Downy Woodpecker",0.25,0.25,0.25,0.275425613471846,0.329725282591424,0.395467781210514,0.482787453078238,0.623823334928558
"Eastern Bluebird",0.446539721947586,0.479132073279736,0.513965352078919,0.552317044207967,0.596218599519328,0.649371739975434,0.719970133417368,0.833998352526826
"Eastern Kingbird",0.25,0.25,0.25,0.25,0.25,0.316315892445091,0.466208845143007,0.708311046339125
"Eastern Meadowlark",0.25,0.25,0.250791708541358,0.288225097190898,0.331075461570121,0.382955888591228,0.45186385465574,0.563161750680159
"Eastern Phoebe",0.548889962493481,0.590955199444868,0.635912683842012,0.685411199627331,0.742072632485817,0.810674600635042,0.901792241036542,1.04896247760835
"Eastern Towhee",0.25,0.25,0.25,0.25,0.25,0.25,0.266977506706929,0.487045225195234
"Eastern Whip-poor-will",0.25,0.25,0.25,0.25,0.25,0.25,0.327948012875173,0.52157704922815
"Eastern Wood-Pewee",0.25,0.25,0.25,0.25,0.25,0.25,0.25,0.25
"Eurasian Collared Dove",0.379998724372839,0.419917825078275,0.462581612974838,0.509554752308089,0.563325362158835,0.628427310313906,0.714896198327841,0.854557921886947
"European Starling",0.25,0.25,0.25,0.25,0.25,0.25,0.25,0.34902074428175
"Field Sparrow",0.25,0.25,0.25,0.25,0.25,0.25,0.25,0.25
"Golden-winged Warbler",0.487553310398292,0.512455063366607,0.539068967190049,0.568371067967674,0.601913467966594,0.642524418666013,0.696464183107517,0.78358592878162
"Grasshopper Sparrow",0.423573638646511,0.461825592212848,0.50270760620474,0.54771899957002,0.599243979714783,0.661627065853965,0.744484741272276,0.878313752201124
"Gray Catbird",0.25,0.25,0.25,0.25,0.25,0.25,0.282076544813426,0.421426751931975
"Gray Partridge",0.895161964573231,0.912688094558805,0.931419255309886,0.952042398898713,0.975649912119055,1.00423234973706,1.04219575432933,1.10351300541593
"Gray-cheeked Thrush",0.625116541665621,0.655368022435788,0.687699481219367,0.723296651399624,0.764045078622547,0.813380617197076,0.878908443644707,0.984746848566523
"Great Blue Heron",0.584680603023539,0.613287766588111,0.643861851100867,0.677524139486656,0.716057688684513,0.762711597373163,0.824677663215035,0.924763228745358
"Great Crested Flycatcher",0.25,0.25,0.25,0.25,0.25,0.25,0.285554160683125,0.42207360628483
"Great Horned Owl",0.780992320507514,0.812597010697862,0.846374720490658,0.883564223502015,0.926135409617125,0.977677825800588,1.04613684337591,1.15670961246473
"Green Heron",0.324107848104267,0.346953083107193,0.371369070526451,0.398251249431528,0.429023541306423,0.466280625721363,0.515765760211156,0.595692533090262
"Green-winged teal",0.697727635601566,0.739325878810417,0.783784260732093,0.832733261078731,0.88876565826535,0.956606031040981,1.04671211484644,1.19224851824513
"Hairy Woodpecker",0.25,0.25,0.25,0.253374136135935,0.289365669289675,0.332941870710863,0.390820103045574,0.484303133417345
"Henslow1s Sparrow",0.549091780289146,0.569968000390015,0.592279590849872,0.616844813468131,0.644964862927294,0.679010785171619,0.724230830366939,0.79726877032959
"Hooded Merganser",0.772075228135567,0.793290268012712,0.815963974222039,0.840927888901958,0.869504325045135,0.904102810526587,0.950056774291562,1.0242801155557
"Hooded Warbler",0.73164773529895,0.752139508179671,0.774040218274791,0.798153058636958,0.825755261723896,0.859174209348248,0.903561502226036,0.975254407845866
"Horned Lark",0.979639075866414,1.03281297317069,1.08964290761645,1.1522130768544,1.22383775866499,1.31055625292794,1.42573639701976,1.61177160359092
"House Finch",0.461540553769996,0.498535991867035,0.538075097112899,0.581607938226984,0.631440405216964,0.691774306793049,0.771910240150981,0.901343182205036
"House Sparrow",0.25,0.25,0.25,0.25,0.25,0.25,0.25,0.416873039813029
"House Wren",0.25,0.25,0.25,0.25,0.25,0.25,0.25,0.25
"Indigo Bunting",0.25,0.25,0.25,0.25,0.25,0.25,0.25,0.25
"Killdeer",0.25,0.25,0.25,0.25,0.25,0.259129138016458,0.354216454427781,0.507798382027859
"Lark Bunting",0.82755253633341,0.841112069368216,0.855603904884307,0.871559520699347,0.889824069441388,0.911937594070934,0.941308940689179,0.98874858038126
"Lark Sparrow",0.376091537626911,0.399518074166674,0.424555331229617,0.452121532509995,0.483676831456454,0.521881929775636,0.572626223329705,0.654586748801113
"Least Flycatcher",0.25,0.25,0.25,0.25,0.260513566163226,0.297203518983796,0.345935385104324,0.424645503517638
"Lesser Yellowlegs",0.774447899954552,0.791532782427368,0.809792357146661,0.829896281100501,0.852909438550376,0.880772268958008,0.917779885942525,0.977553380104262
"Lincoln1s Sparrow",0.703743841142083,0.734575558993584,0.767527149777391,0.803807089779267,0.845337090263361,0.895618906778002,0.962403586569541,1.07027201995943
"Magnolia Warbler",0.363820576905765,0.414418397505239,0.46849513390302,0.52803401215872,0.596188745674094,0.678706052808171,0.788306149149255,0.965328644856298
"Mallard",0.25,0.25,0.258956236829455,0.301936769168825,0.351137002927988,0.410705437734608,0.489824672479933,0.617615476143659
"Merlin",0.613151517888014,0.653062731505939,0.695718090028525,0.742681948560003,0.796441934586617,0.861531020108184,0.947982823877368,1.08761695352238
"Mourning Dove",0.25,0.25,0.25,0.25,0.25,0.252884068095423,0.258052037162934,0.266399171997748
"Mourning Warbler",0.757163401913052,0.781271331051591,0.807036830705043,0.835404832349594,0.867877959977976,0.907194305415828,0.959414565594296,1.04375902414746
"Nashville Warbler",0.479306156011431,0.510661819109576,0.544173379644135,0.581069850395419,0.623305599629926,0.674441890711387,0.742361489928887,0.852063008105356
"Nelson1s Sparrow",0.895514884018097,0.915293692738319,0.936432417939394,0.959706307416925,0.986348155259523,1.01860436737649,1.06144730637198,1.13064582204485
"Northern Bobwhite",0.906189855034849,0.932388886372989,0.960389264546679,0.991217883621134,1.0265077039742,1.06923431729333,1.12598412044064,1.21764454884717
"Northern Cardinal",0.25,0.25,0.25,0.25,0.25,0.25,0.25,0.25
"Northern Flicker",0.25,0.25,0.25,0.25,0.25,0.25,0.298293542222154,0.419445924302208
"Northern Harrier",0.743843886081096,0.777513156384174,0.813497399051418,0.85311631073146,0.898468464598484,0.953377895195742,1.02630900616517,1.14410495443073
"Northern Parula",0.614740912505834,0.638529754797086,0.663954228392018,0.691946757877322,0.723990078870013,0.762786042460029,0.814315127627606,0.897543222879251
"Northern Rough-winged Swallow",0.912162200056359,0.956092314864793,1.00304289910487,1.05473583224606,1.11390923601317,1.18555253473897,1.28070969285833,1.43440442650397
"Northern Shoveler",0.939501162683975,0.964942952517173,0.99213402410874,1.0220715907774,1.05634141476768,1.09783308300227,1.15294262297398,1.24195375187572
"Northern Waterthrush",0.720921233644796,0.74887662088981,0.778754115395221,0.811649453140047,0.849305066473379,0.894896027665349,0.95545027879722,1.0532555273225
"Olive-sided Flycatcher",0.706790462866721,0.732970170184784,0.760949895691474,0.791755776030048,0.827019567130799,0.869714665928539,0.926422611255951,1.01801543227899
"Orange-crowned warbler",0.74811271359608,0.790514354236303,0.835831372174395,0.885725736991096,0.942840302089164,1.01199089320641,1.10383721868306,1.25218440358697
"Orchard Oriole",0.472599488558863,0.509991651479174,0.549954758854704,0.59395442938306,0.644321280547868,0.705302179636926,0.786297459866649,0.9171183909189
"Osprey",0.824150258331618,0.844587814493634,0.866430580132431,0.890479623228705,0.918008796964346,0.951339325412217,0.995609179287239,1.06711240126575
"Ovenbird",0.25,0.25,0.25,0.25,0.25,0.261158479340503,0.281625878392218,0.314684152807334
"Palm Warbler",0.977935254002845,1.00390889719175,1.03166839037495,1.06223179333103,1.09721801821166,1.1395770579295,1.19583864710677,1.28671052825556
"Peregrine Falcon",0.94261628310296,0.974311465646673,1.00818588970662,1.04548187582627,1.08817495419199,1.13986494956419,1.20851998290717,1.3194093502614
"Pied-billed Grebe",0.354046880582553,0.388366867062127,0.425046566702207,0.465431181544015,0.511659843273982,0.567630492436722,0.641971121736972,0.762043677970933
"Pileated Woodpecker",0.45763340682287,0.488542694168738,0.521577187833533,0.55794840450754,0.599582890286749,0.649991210783479,0.716943914097672,0.825083733593147
"Pine Warbler",0.512311015025074,0.567843061706014,0.627193283008345,0.692538306320686,0.767339390601817,0.857903665850514,0.978191804630779,1.17247727737863
"Prairie Warbler",0.858468449324091,0.881671160865312,0.906469203564831,0.933772028099317,0.965025837120934,1.00286591109855,1.05312537662815,1.13430282371053
"Purple Finch",0.747629783414408,0.770338155669182,0.794607870172593,0.821329001538399,0.851916940727386,0.888950822931426,0.938139498597393,1.01758744086758
"Purple Martin",0.552515166410969,0.587771248868525,0.625451406924494,0.666937533724889,0.714427106916423,0.771924385455823,0.848292695161194,0.971640294554732
"Red-bellied Woodpecker",0.25,0.25,0.25,0.25,0.25,0.25,0.369095750871859,0.595249888875291
"Red-breasted Nuthatch",0.872371026530554,0.916779365675911,0.964241055159267,1.01649671887338,1.07631428580518,1.14873749528646,1.24493053662724,1.40029839501673
"Red-eyed Vireo",0.250395041975218,0.251353444792349,0.252377743781729,0.253505504384321,0.254796462924196,0.256359471343973,0.258435470662651,0.26178855695315
"Red-headed Woodpecker",0.434457417497692,0.471236857130289,0.510545112669871,0.553823786586131,0.603365305910593,0.663346947025266,0.743015005438549,0.871692251164357
"Red-shouldered Hawk",0.603084213221232,0.628192738214446,0.655027630929355,0.684573042076307,0.718393961823479,0.759342126072478,0.813729780039284,0.901574942245097
"Red-tailed Hawk",0.759597583893128,0.786307324514337,0.814853526420141,0.846283101375076,0.882260841774476,0.925820343828103,0.98367639593957,1.07712360153924
"Red-winged Blackbird",0.25,0.25,0.25,0.25,0.25,0.25,0.25,0.25
"Ring-billed Gull",0.467946741557117,0.492329693396141,0.518389125276344,0.547080748430432,0.579924328751047,0.619689194152327,0.672505181856446,0.757811840050605
"Ring-necked Duck",0.475511956158267,0.501090501241367,0.528427730859355,0.5585262185732,0.592980250450371,0.634694945582653,0.690100711525893,0.779590294941123
"Ring-necked Pheasant",0.25,0.25,0.25,0.25,0.254839879688036,0.306082536192393,0.374143410749596,0.484073112240231
"Rose-breasted Grosbeak",0.25,0.25,0.25,0.287604278306378,0.387257933275425,0.50791208053666,0.668165809397397,0.927002397834352
"Ruby-crowned Kinglet",0.739613461967698,0.792614806580726,0.849260324261313,0.91162744930575,0.983019704451518,1.06945679166467,1.18426316883609,1.36969467928586
"Ruby-throated Hummingbird",0.25,0.25,0.265027665412284,0.300670288358496,0.341470745805064,0.390869279181616,0.456480775790217,0.562454322023086
"Sandhill Crane",0.31673687968739,0.350636640098053,0.386867220505589,0.426757351821024,0.472419973444844,0.527705298157177,0.601135674464469,0.719738019796092
"Savannah Sparrow",0.25,0.300823092653467,0.356544007832671,0.417893138829544,0.488120086279488,0.573146294921453,0.686078732761853,0.868483517613256
"Scarlet Tanager",0.468223620833998,0.49130349915358,0.515970263081232,0.543128548737517,0.574216902698255,0.611856654477087,0.661850050583815,0.742597751025082
"Sedge Wren",0.25,0.25,0.25,0.262741917279616,0.279078879411825,0.298858607867476,0.325130189183349,0.367563189207666
"Solitary Sandpiper",0.945750019560871,0.989109462040583,1.03545013666945,1.08647155491334,1.1448762690407,1.2155888884751,1.3095099114909,1.46120808009353
"Song Sparrow",0.25,0.25,0.25,0.25,0.25,0.25,0.25,0.25
"Sora",0.296311163089483,0.323038252708106,0.35160299646312,0.383052986128266,0.419054095445171,0.462641891060282,0.520535522888929,0.614043426020307
"Spotted Sandpiper",0.650880880199104,0.695329968346676,0.742835208580342,0.79513882198583,0.855011277396105,0.927500942267974,1.02378225014901,1.17929267377123
"Swainson1s Thrush",0.256463563534886,0.295292058412531,0.336790254527381,0.382480068870811,0.434781644113293,0.498104980956893,0.58221150430018,0.718057613605928
"Swamp Sparrow",0.25,0.25,0.25,0.25,0.25,0.25,0.25,0.409572573371852
"Tennessee Warbler",0.25,0.25,0.25,0.25,0.25,0.25,0.266630161179329,0.306430403621744
"Tree Swallow",0.43935563887127,0.469181415105972,0.501057899511705,0.536154139608223,0.576329147288029,0.624970426871062,0.689576133402322,0.793925160354713
"Trumpeter Swan",0.936299696988045,0.961965582110713,0.989396156940821,1.01959741840897,1.05416909640314,1.09602622978246,1.15162118325666,1.2414163361924
"Tufted Titmouse",0.448780535820048,0.496275000662398,0.547035006235843,0.602922139842892,0.666896685711363,0.744352894222556,0.847230802020109,1.01339583836064
"Upland Sandpiper",0.599060954780219,0.625254367018486,0.653248739744136,0.684070746776821,0.719352998261306,0.762070447687914,0.818808079285543,0.910448848602586
"Veery",0.25,0.25,0.25,0.25,0.25,0.290439092116986,0.356108675407551,0.462176041351825
"Vesper Sparrow",0.745962441771564,0.76489978577016,0.785139190300893,0.807422921209858,0.832931324900406,0.863815236747235,0.904835476395897,0.971090027619181
"Virginia Rail",0.590233316993665,0.617015559991535,0.645639249264669,0.677154138371993,0.713229538712118,0.756907281053804,0.814920380788526,0.908621244579577
"Warbling Vireo",0.25,0.25,0.25,0.25,0.25,0.25,0.25,0.25
"Western Kingbird",0.913175107196087,0.945336294205126,0.979708763444357,1.01755310091193,1.06087388240349,1.11332385978945,1.18298830685204,1.29550804627537
"Western Meadowlark",0.25,0.25,0.25,0.25,0.25,0.25,0.310945729168909,0.415914523932527
"White-breasted Nuthatch",0.25,0.25,0.25,0.25,0.25,0.25,0.25,0.25
"White-eyed Vireo",0.749986242012428,0.771236120880975,0.793947061479692,0.818951971491882,0.847575335390976,0.882230637939245,0.928260066551697,1.00260529617255
"Wild Turkey",0.261773264024999,0.294670123969611,0.329828848247905,0.368538858205476,0.412850583423161,0.466500330855651,0.537758321348745,0.652851900070608
"Willow Flycatcher",0.262389135120112,0.291077655014896,0.32173868961307,0.35549671067237,0.394139845993494,0.44092643441435,0.503068726455759,0.603438926787441
"Wilson1s Snipe",0.439577488775511,0.457239260147566,0.476115388476588,0.496898142418202,0.520688363163094,0.549492011137902,0.587749228958694,0.64954103757507
"Wilson1s Warbler",0.25,0.274913566122406,0.334215025127241,0.399506360797029,0.474245988311112,0.564735855713716,0.684925165443645,0.879051012737482
"Wood Duck",0.281206639154769,0.312223659735134,0.345373293966345,0.381871281237522,0.423650882553348,0.474234899479179,0.541420964087203,0.649937701122119
"Wood Thrush",0.25,0.25,0.25,0.25,0.25,0.277053275920052,0.326745965753063,0.407007975243087
"Yellow Warbler",0.25,0.25,0.25,0.25,0.25,0.25,0.274145293411466,0.703315289510307
"Yellow-bellied Flycatcher",0.655540332606958,0.700846716066899,0.749268196013517,0.802580595975967,0.863607819177943,0.93749560159237,1.03563389951201,1.19414367278913
"Yellow-bellied Sapsucker",0.29333889737697,0.321670399840336,0.351949869831587,0.385287785496375,0.423450022082923,0.469654369674203,0.531023325148636,0.630144457517078
"Yellow-billed Cuckoo",0.762367032106971,0.792019350361658,0.823710450469208,0.85860258111136,0.898543942711869,0.946902338857587,1.01113231751963,1.11487448109018
"Yellow-breasted Chat",0.478146084464081,0.530837864797126,0.587152533722403,0.649155391892106,0.720130667200441,0.806062902416683,0.920198731439822,1.10454719442283
"Yellow-headed Blackbird",0.361207161053793,0.383151120264851,0.406603863559339,0.432425503709761,0.461983786548477,0.497771027985025,0.545303906182979,0.622077458466679
"Yellow-throated Vireo",0.25,0.25,0.25,0.266203334739294,0.3329089941133,0.413671856767649,0.520941687002365,0.694200413008633
