Selection,View,Channel,Begin Time (s),End Time (s),Low Freq (Hz),High Freq (Hz),Begin File,Valid,Common Name,Site Number,WAV File
62,Waveform 1,1,305.000000000,310.000000000,0.000,12000.000,0.484_16_2MM09500_20250605_051200_1047.00s_1050.00s.wav,1,Common Merganser,09500,2MM09500_20250605_051200_1047.0
62,Spectrogram 1,1,305.000000000,310.000000000,0.000,12000.000,0.484_16_2MM09500_20250605_051200_1047.00s_1050.00s.wav,1,Common Merganser,09500,2MM09500_20250605_051200_1047.0
81,Waveform 1,1,400.000000000,405.000000000,0.000,12000.000,0.558_1_2MM09490_20250615_081002_1218.00s_1221.00s.wav,1,Common Merganser,09490,2MM09490_20250615_081002_1218.0
81,Spectrogram 1,1,400.000000000,405.000000000,0.000,12000.000,0.558_1_2MM09490_20250615_081002_1218.00s_1221.00s.wav,1,Common Merganser,09490,2MM09490_20250615_081002_1218.0
84,Waveform 1,1,415.000000000,420.000000000,0.000,12000.000,0.567_2_2MM09474_20250619_081102_525.00s_528.00s.wav,1,Common Merganser,09474,2MM09474_20250619_081102_525.0
84,Spectrogram 1,1,415.000000000,420.000000000,0.000,12000.000,0.567_2_2MM09474_20250619_081102_525.00s_528.00s.wav,1,Common Merganser,09474,2MM09474_20250619_081102_525.0
47,Spectrogram 1,1,230.000000000,235.000000000,0.0,12000.0,0.567_9_2MM12666_20250613_205900_1947.00s_1950.00s.wav,1,Western Grebe,12666,2MM12666_20250613_205900_1947.0
48,Spectrogram 1,1,235.000000000,240.000000000,0.0,12000.0,0.653_4_2MM09402_20250611_214402_2790.00s_2793.00s.wav,1,Western Grebe,09402,2MM09402_20250611_214402_2790.0
1,Waveform 1,1,0.000000000,5.000000000,0.0,12000.0,0.325_21_2MM09403_20250618_204700_2130.00s_2133.00s.wav,1,Turkey Vulture,09403,2MM09403_20250618_204700_2130.0
1,Spectrogram 1,1,0.000000000,5.000000000,0.0,12000.0,0.325_21_2MM09403_20250618_204700_2130.00s_2133.00s.wav,1,Turkey Vulture,09403,2MM09403_20250618_204700_2130.0
2,Waveform 1,1,5.000000000,10.000000000,0.0,12000.0,0.398_23_2MM09403_20250618_204700_1992.00s_1995.00s.wav,1,Turkey Vulture,09403,2MM09403_20250618_204700_1992.0
2,Spectrogram 1,1,5.000000000,10.000000000,0.0,12000.0,0.398_23_2MM09403_20250618_204700_1992.00s_1995.00s.wav,1,Turkey Vulture,09403,2MM09403_20250618_204700_1992.0
3,Waveform 1,1,10.000000000,15.000000000,0.0,12000.0,0.442_22_2MM09403_20250618_204700_2172.00s_2175.00s.wav,1,Turkey Vulture,09403,2MM09403_20250618_204700_2172.0
3,Spectrogram 1,1,10.000000000,15.000000000,0.0,12000.0,0.442_22_2MM09403_20250618_204700_2172.00s_2175.00s.wav,1,Turkey Vulture,09403,2MM09403_20250618_204700_2172.0
58,Spectrogram 1,1,285.000000000,290.000000000,0.0,12000.0,0.997_6_2MM12666_20250525_073002_2682.00s_2685.00s.wav,1,Red-necked Grebe,12666,2MM12666_20250525_073002_2682.0
77,Waveform 1,1,380.000000000,385.000000000,0.000,12000.000,0.530_2_2MM09403_20250617_051100_363.00s_366.00s.wav,1,Eastern Screech-Owl,09403,2MM09403_20250617_051100_363.0
77,Spectrogram 1,1,380.000000000,385.000000000,0.000,12000.000,0.530_2_2MM09403_20250617_051100_363.00s_366.00s.wav,1,Eastern Screech-Owl,09403,2MM09403_20250617_051100_363.0
79,Waveform 1,1,390.000000000,395.000000000,0.000,12000.000,0.543_2_2MM09403_20250526_051800_1374.00s_1377.00s.wav,1,Eastern Screech-Owl,09403,2MM09403_20250526_051800_1374.0
79,Spectrogram 1,1,390.000000000,395.000000000,0.000,12000.000,0.543_2_2MM09403_20250526_051800_1374.00s_1377.00s.wav,1,Eastern Screech-Owl,09403,2MM09403_20250526_051800_1374.0
93,Waveform 1,1,460.000000000,465.000000000,0.000,12000.000,0.609_2_2MM09403_20250618_204700_1887.00s_1890.00s.wav,1,Eastern Screech-Owl,09403,2MM09403_20250618_204700_1887.0
93,Spectrogram 1,1,460.000000000,465.000000000,0.000,12000.000,0.609_2_2MM09403_20250618_204700_1887.00s_1890.00s.wav,1,Eastern Screech-Owl,09403,2MM09403_20250618_204700_1887.0
117,Waveform 1,1,580.000000000,585.000000000,0.000,12000.000,0.678_1_2MM09430_20250522_052100_129.00s_132.00s.wav,1,Eastern Screech-Owl,09430,2MM09430_20250522_052100_129.0
117,Spectrogram 1,1,580.000000000,585.000000000,0.000,12000.000,0.678_1_2MM09430_20250522_052100_129.00s_132.00s.wav,1,Eastern Screech-Owl,09430,2MM09430_20250522_052100_129.0
128,Waveform 1,1,635.000000000,640.000000000,0.000,12000.000,0.712_2_2MM09403_20250611_061102_408.00s_411.00s.wav,1,Eastern Screech-Owl,09403,2MM09403_20250611_061102_408.0
128,Spectrogram 1,1,635.000000000,640.000000000,0.000,12000.000,0.712_2_2MM09403_20250611_061102_408.00s_411.00s.wav,1,Eastern Screech-Owl,09403,2MM09403_20250611_061102_408.0
131,Waveform 1,1,650.000000000,655.000000000,0.000,12000.000,0.743_1_2MM09430_20250602_051400_2826.00s_2829.00s.wav,1,Eastern Screech-Owl,09430,2MM09430_20250602_051400_2826.0
131,Spectrogram 1,1,650.000000000,655.000000000,0.000,12000.000,0.743_1_2MM09430_20250602_051400_2826.00s_2829.00s.wav,1,Eastern Screech-Owl,09430,2MM09430_20250602_051400_2826.0
140,Waveform 1,1,695.000000000,700.000000000,0.000,12000.000,0.765_1_2MM09430_20250528_061702_765.00s_768.00s.wav,1,Eastern Screech-Owl,09430,2MM09430_20250528_061702_765.0
140,Spectrogram 1,1,695.000000000,700.000000000,0.000,12000.000,0.765_1_2MM09430_20250528_061702_765.00s_768.00s.wav,1,Eastern Screech-Owl,09430,2MM09430_20250528_061702_765.0
165,Waveform 1,1,820.000000000,825.000000000,0.000,12000.000,0.861_1_2MM09449_20250610_213902_987.00s_990.00s.wav,1,Eastern Screech-Owl,09449,2MM09449_20250610_213902_987.0
165,Spectrogram 1,1,820.000000000,825.000000000,0.000,12000.000,0.861_1_2MM09449_20250610_213902_987.00s_990.00s.wav,1,Eastern Screech-Owl,09449,2MM09449_20250610_213902_987.0
176,Waveform 1,1,875.000000000,880.000000000,0.000,12000.000,0.913_1_2MM16601_20250606_204500_2580.00s_2583.00s.wav,1,Eastern Screech-Owl,16601,2MM16601_20250606_204500_2580.0
176,Spectrogram 1,1,875.000000000,880.000000000,0.000,12000.000,0.913_1_2MM16601_20250606_204500_2580.00s_2583.00s.wav,1,Eastern Screech-Owl,16601,2MM16601_20250606_204500_2580.0
184,Waveform 1,1,915.000000000,920.000000000,0.000,12000.000,0.939_2_2MM09430_20250531_051500_108.00s_111.00s.wav,1,Eastern Screech-Owl,09430,2MM09430_20250531_051500_108.0
184,Spectrogram 1,1,915.000000000,920.000000000,0.000,12000.000,0.939_2_2MM09430_20250531_051500_108.00s_111.00s.wav,1,Eastern Screech-Owl,09430,2MM09430_20250531_051500_108.0
195,Waveform 1,1,970.000000000,975.000000000,0.000,12000.000,0.983_2_2MM09430_20250528_061702_243.00s_246.00s.wav,1,Eastern Screech-Owl,09430,2MM09430_20250528_061702_243.0
195,Spectrogram 1,1,970.000000000,975.000000000,0.000,12000.000,0.983_2_2MM09430_20250528_061702_243.00s_246.00s.wav,1,Eastern Screech-Owl,09430,2MM09430_20250528_061702_243.0
198,Waveform 1,1,985.000000000,990.000000000,0.000,12000.000,0.999_1_2MM09430_20250602_203800_27.00s_30.00s.wav,1,Eastern Screech-Owl,09430,2MM09430_20250602_203800_27.0
198,Spectrogram 1,1,985.000000000,990.000000000,0.000,12000.000,0.999_1_2MM09430_20250602_203800_27.00s_30.00s.wav,1,Eastern Screech-Owl,09430,2MM09430_20250602_203800_27.0
140,Spectrogram 1,1,695.000000000,700.000000000,0.0,12000.0,0.983_6_2MM09385_20250520_052300_2661.00s_2664.00s.wav,1,Common Tern,09385,2MM09385_20250520_052300_2661.0
77,Spectrogram 1,1,380.000000000,385.000000000,0.000,12000.000,0.533_8_2MM09472_20250518_072502_792.00s_795.00s.wav,1,Cape May Warbler,09472,2MM09472_20250518_072502_792.0
81,Spectrogram 1,1,400.000000000,405.000000000,0.000,12000.000,0.551_1_2MM09355_20250516_062702_252.00s_255.00s.wav,1,Cape May Warbler,09355,2MM09355_20250516_062702_252.0
102,Spectrogram 1,1,505.000000000,510.000000000,0.000,12000.000,0.639_2_2MM09375_20250515_082802_2496.00s_2499.00s.wav,1,Cape May Warbler,09375,2MM09375_20250515_082802_2496.0
103,Spectrogram 1,1,510.000000000,515.000000000,0.000,12000.000,0.641_3_2MM09375_20250515_082802_2352.00s_2355.00s.wav,1,Cape May Warbler,09375,2MM09375_20250515_082802_2352.0
121,Spectrogram 1,1,600.000000000,605.000000000,0.000,12000.000,0.698_4_2MM09375_20250515_082802_2319.00s_2322.00s.wav,1,Cape May Warbler,09375,2MM09375_20250515_082802_2319.0
139,Spectrogram 1,1,690.000000000,695.000000000,0.000,12000.000,0.768_5_2MM09375_20250515_082802_2493.00s_2496.00s.wav,1,Cape May Warbler,09375,2MM09375_20250515_082802_2493.0
154,Spectrogram 1,1,765.000000000,770.000000000,0.000,12000.000,0.847_3_2MM12753_20250525_082702_3309.00s_3312.00s.wav,1,Cape May Warbler,12753,2MM12753_20250525_082702_3309.0
155,Spectrogram 1,1,770.000000000,775.000000000,0.000,12000.000,0.848_10_2MM09375_20250515_082802_2442.00s_2445.00s.wav,1,Cape May Warbler,09375,2MM09375_20250515_082802_2442.0
160,Spectrogram 1,1,795.000000000,800.000000000,0.000,12000.000,0.881_8_2MM09375_20250515_082802_2454.00s_2457.00s.wav,1,Cape May Warbler,09375,2MM09375_20250515_082802_2454.0
163,Spectrogram 1,1,810.000000000,815.000000000,0.000,12000.000,0.907_7_2MM09375_20250515_082802_2448.00s_2451.00s.wav,1,Cape May Warbler,09375,2MM09375_20250515_082802_2448.0
164,Spectrogram 1,1,815.000000000,820.000000000,0.000,12000.000,0.909_6_2MM09375_20250515_082802_2427.00s_2430.00s.wav,1,Cape May Warbler,09375,2MM09375_20250515_082802_2427.0
166,Spectrogram 1,1,825.000000000,830.000000000,0.000,12000.000,0.943_8_2MM09490_20250515_082802_1479.00s_1482.00s.wav,1,Cape May Warbler,09490,2MM09490_20250515_082802_1479.0
167,Spectrogram 1,1,830.000000000,835.000000000,0.000,12000.000,0.961_12_2MM09375_20250515_082802_2421.00s_2424.00s.wav,1,Cape May Warbler,09375,2MM09375_20250515_082802_2421.0
168,Spectrogram 1,1,835.000000000,840.000000000,0.000,12000.000,0.996_11_2MM09375_20250515_082802_2460.00s_2463.00s.wav,1,Cape May Warbler,09375,2MM09375_20250515_082802_2460.0
12,Spectrogram 1,1,55.000000000,60.000000000,0.000,12000.000,0.282_3_2MM16506_20250528_071402_2247.00s_2250.00s.wav,1,LeConte's Sparrow,16506,2MM16506_20250528_071402_2247.0
87,Spectrogram 1,1,430.000000000,435.000000000,0.000,12000.000,0.575_1_2MM09362_20250629_061902_2793.00s_2796.00s.wav,1,LeConte's Sparrow,09362,2MM09362_20250629_061902_2793.0
175,Spectrogram 1,1,870.000000000,875.000000000,0.000,12000.000,0.905_1_2MM09413_20250521_052200_564.00s_567.00s.wav,1,LeConte's Sparrow,09413,2MM09413_20250521_052200_564.0
4,Spectrogram 1,1,15.000000000,20.000000000,0.000,12000.000,0.254_7_2MM07618_20250531_051500_1038.00s_1041.00s.wav,1,Common Gallinule,07618,2MM07618_20250531_051500_1038.0
6,Spectrogram 1,1,25.000000000,30.000000000,0.000,12000.000,0.257_4_2MM09372_20250608_051200_150.00s_153.00s.wav,1,Common Gallinule,09372,2MM09372_20250608_051200_150.0
38,Spectrogram 1,1,185.000000000,190.000000000,0.000,12000.000,0.373_8_2MM12666_20250619_062202_2580.00s_2583.00s.wav,1,Common Gallinule,12666,2MM12666_20250619_062202_2580.0
99,Spectrogram 1,1,490.000000000,495.000000000,0.000,12000.000,0.610_6_2MM12666_20250621_072302_3567.00s_3570.00s.wav,1,Common Gallinule,12666,2MM12666_20250621_072302_3567.0
100,Spectrogram 1,1,495.000000000,500.000000000,0.000,12000.000,0.611_4_2MM07618_20250518_072502_2604.00s_2607.00s.wav,1,Common Gallinule,07618,2MM07618_20250518_072502_2604.0
105,Spectrogram 1,1,520.000000000,525.000000000,0.000,12000.000,0.629_3_2MM16592_20250612_061102_2508.00s_2511.00s.wav,1,Common Gallinule,16592,2MM16592_20250612_061102_2508.0
111,Spectrogram 1,1,550.000000000,555.000000000,0.000,12000.000,0.668_3_2MM07618_20250524_052000_2889.00s_2892.00s.wav,1,Common Gallinule,07618,2MM07618_20250524_052000_2889.0
112,Spectrogram 1,1,555.000000000,560.000000000,0.000,12000.000,0.669_3_2MM09489_20250530_071502_3444.00s_3447.00s.wav,1,Common Gallinule,09489,2MM09489_20250530_071502_3444.0
113,Spectrogram 1,1,560.000000000,565.000000000,0.000,12000.000,0.670_4_2MM16592_20250612_061102_2511.00s_2514.00s.wav,1,Common Gallinule,16592,2MM16592_20250612_061102_2511.0
122,Spectrogram 1,1,605.000000000,610.000000000,0.000,12000.000,0.692_6_2MM07618_20250518_082502_78.00s_81.00s.wav,1,Common Gallinule,07618,2MM07618_20250518_082502_78.0
133,Spectrogram 1,1,660.000000000,665.000000000,0.000,12000.000,0.834_1_2MM16500_20250524_052500_1641.00s_1644.00s.wav,1,Common Gallinule,16500,2MM16500_20250524_052500_1641.0
135,Spectrogram 1,1,670.000000000,675.000000000,0.000,12000.000,0.885_2_2MM16500_20250526_082302_600.00s_603.00s.wav,1,Common Gallinule,16500,2MM16500_20250526_082302_600.0
85,Spectrogram 1,1,420.000000000,425.000000000,0.000,12000.000,0.931_7_2MM09363_20250523_072102_2046.00s_2049.00s.wav,1,Willet,09363,2MM09363_20250523_072102_2046.0
81,Spectrogram 1,1,400.000000000,405.000000000,0.000,12000.000,0.680_7_2MM09396_20250603_213702_2247.00s_2250.00s.wav,1,Willet,09396,2MM09396_20250603_213702_2247.0
76,Spectrogram 1,1,375.000000000,380.000000000,0.000,12000.000,0.574_2_2MM09485_20250628_214802_513.00s_516.00s.wav,1,Willet,09485,2MM09485_20250628_214802_513.0
58,Spectrogram 1,1,285.000000000,290.000000000,0.000,12000.000,0.395_1_2MM09452_20250604_081302_3147.00s_3150.00s.wav,1,Willet,09452,2MM09452_20250604_081302_3147.0
55,Spectrogram 1,1,270.000000000,275.000000000,0.000,12000.000,0.382_3_2MM09445_20250613_050800_2718.00s_2721.00s.wav,1,Willet,09445,2MM09445_20250613_050800_2718.0
48,Spectrogram 1,1,235.000000000,240.000000000,0.000,12000.000,0.357_2_2MM09445_20250613_050800_3270.00s_3273.00s.wav,1,Willet,09445,2MM09445_20250613_050800_3270.0
40,Spectrogram 1,1,195.000000000,200.000000000,0.000,12000.000,0.330_5_2MM09445_20250607_060902_93.00s_96.00s.wav,1,Willet,09445,2MM09445_20250607_060902_93.0
34,Spectrogram 1,1,165.000000000,170.000000000,0.000,12000.000,0.315_5_2MM09445_20250614_050800_1059.00s_1062.00s.wav,1,Willet,09445,2MM09445_20250614_050800_1059.0
15,Spectrogram 1,1,70.000000000,75.000000000,0.000,12000.000,0.273_4_2MM09445_20250613_080802_3462.00s_3465.00s.wav,1,Willet,09445,2MM09445_20250613_080802_3462.0
199,Spectrogram 1,1,984.000000000,989.000000000,0.000,12000.000,0.992_4_2MM09403_20250614_214602_1680.00s_1683.00s.wav,1,Northern Saw-whet Owl,09403,2MM09403_20250614_214602_1680.0
8,Spectrogram 1,1,35.000000000,40.000000000,0.000,12000.000,0.271_6_2MM09398_20250612_051100_645.00s_648.00s.wav,1,Wilson's Phalarope,09398,2MM09398_20250612_051100_645.0
11,Spectrogram 1,1,50.000000000,55.000000000,0.000,12000.000,0.283_15_2MM12666_20250526_053000_3444.00s_3447.00s.wav,1,Wilson's Phalarope,12666,2MM12666_20250526_053000_3444.0
17,Spectrogram 1,1,80.000000000,85.000000000,0.000,12000.000,0.303_6_2MM12666_20250528_062802_2346.00s_2349.00s.wav,1,Wilson's Phalarope,12666,2MM12666_20250528_062802_2346.0
22,Spectrogram 1,1,105.000000000,110.000000000,0.000,12000.000,0.345_14_2MM12666_20250526_053000_3183.00s_3186.00s.wav,1,Wilson's Phalarope,12666,2MM12666_20250526_053000_3183.0
40,Spectrogram 1,1,195.000000000,200.000000000,0.000,12000.000,0.625_5_2MM16502_20250630_061502_312.00s_315.00s.wav,1,Wilson's Phalarope,16502,2MM16502_20250630_061502_312.0
159,Spectrogram 1,1,789.994666667,794.994666667,0.000,12000.000,0.849_3_2MM09452_20250603_213902_798.00s_801.00s.wav,1,Greater Yellowlegs,09452,2MM09452_20250603_213902_798.0
167,Spectrogram 1,1,829.994666667,834.994666667,0.000,12000.000,0.861_1_2MM09452_20250629_214817_1617.00s_1620.00s.wav,1,Greater Yellowlegs,09452,2MM09452_20250629_214817_1617.0
174,Spectrogram 1,1,864.994666667,869.994666667,0.000,12000.000,0.902_2_2MM16502_20250629_061402_3069.00s_3072.00s.wav,1,Greater Yellowlegs,16502,2MM16502_20250629_061402_3069.0
177,Spectrogram 1,1,879.994666667,884.994666667,0.000,12000.000,0.925_5_2MM16502_20250629_061402_2952.00s_2955.00s.wav,1,Greater Yellowlegs,16502,2MM16502_20250629_061402_2952.0
178,Spectrogram 1,1,884.994666667,889.994666667,0.000,12000.000,0.927_1_2MM09472_20250620_081102_1905.00s_1908.00s.wav,1,Greater Yellowlegs,09472,2MM09472_20250620_081102_1905.0
179,Spectrogram 1,1,889.994666667,894.994666667,0.000,12000.000,0.930_4_2MM16575_20250622_204000_1989.00s_1992.00s.wav,1,Greater Yellowlegs,16575,2MM16575_20250622_204000_1989.0
183,Spectrogram 1,1,909.994666667,914.994666667,0.000,12000.000,0.952_3_2MM16575_20250622_204000_1998.00s_2001.00s.wav,1,Greater Yellowlegs,16575,2MM16575_20250622_204000_1998.0
185,Spectrogram 1,1,919.994666667,924.994666667,0.000,12000.000,0.963_2_2MM16575_20250622_204000_1995.00s_1998.00s.wav,1,Greater Yellowlegs,16575,2MM16575_20250622_204000_1995.0
186,Spectrogram 1,1,924.994666667,929.994666667,0.000,12000.000,0.976_4_2MM16583_20250519_062502_2319.00s_2322.00s.wav,1,Greater Yellowlegs,16583,2MM16583_20250519_062502_2319.0
187,Spectrogram 1,1,929.994666667,934.994666667,0.000,12000.000,0.988_4_2MM16502_20250629_061402_2949.00s_2952.00s.wav,1,Greater Yellowlegs,16502,2MM16502_20250629_061402_2949.0
188,Spectrogram 1,1,934.994666667,939.994666667,0.000,12000.000,0.992_3_2MM16502_20250629_061402_2943.00s_2946.00s.wav,1,Greater Yellowlegs,16502,2MM16502_20250629_061402_2943.0
40,Spectrogram 1,1,195.000000000,200.000000000,0.000,12000.000,0.390_8_2MM12753_20250614_051900_2682.00s_2685.00s.wav,1,Black-bellied Plover,12753,2MM12753_20250614_051900_2682.0
59,Spectrogram 1,1,290.000000000,295.000000000,0.000,12000.000,0.475_9_2MM12753_20250614_051900_2757.00s_2760.00s.wav,1,Black-bellied Plover,12753,2MM12753_20250614_051900_2757.0
76,Spectrogram 1,1,375.000000000,380.000000000,0.000,12000.000,0.534_10_2MM12753_20250614_051900_3165.00s_3168.00s.wav,1,Black-bellied Plover,12753,2MM12753_20250614_051900_3165.0
81,Spectrogram 1,1,400.000000000,405.000000000,0.000,12000.000,0.542_3_2MM12753_20250613_205000_816.00s_819.00s.wav,1,Black-bellied Plover,12753,2MM12753_20250613_205000_816.0
92,Spectrogram 1,1,455.000000000,460.000000000,0.000,12000.000,0.600_13_2MM12753_20250614_051900_717.00s_720.00s.wav,1,Black-bellied Plover,12753,2MM12753_20250614_051900_717.0
93,Spectrogram 1,1,460.000000000,465.000000000,0.000,12000.000,0.601_12_2MM12753_20250614_051900_3210.00s_3213.00s.wav,1,Black-bellied Plover,12753,2MM12753_20250614_051900_3210.0
108,Spectrogram 1,1,535.000000000,540.000000000,0.000,12000.000,0.720_15_2MM12753_20250614_051900_474.00s_477.00s.wav,1,Black-bellied Plover,12753,2MM12753_20250614_051900_474.0
119,Spectrogram 1,1,590.000000000,595.000000000,0.000,12000.000,0.786_16_2MM12753_20250614_051900_408.00s_411.00s.wav,1,Black-bellied Plover,12753,2MM12753_20250614_051900_408.0
13,Spectrogram 1,1,60.000000000,65.000000000,0.0,12000.0,0.266_2_2MM09396_20250516_062602_2169.00s_2172.00s.wav,1,Great Egret,09396,2MM09396_20250516_062602_2169.0
46,Spectrogram 1,1,225.000000000,230.000000000,0.0,12000.0,0.381_1_2MM09477_20250531_081502_3591.00s_3594.00s.wav,1,Great Egret,09477,2MM09477_20250531_081502_3591.0
62,Spectrogram 1,1,305.000000000,310.000000000,0.0,12000.0,0.485_4_2MM09360_20250603_070802_798.00s_801.00s.wav,1,Great Egret,09360,2MM09360_20250603_070802_798.0
188,Spectrogram 1,1,935.000000000,940.000000000,0.000,12000.000,0.982_5_2MM09324_20250519_082402_2736.00s_2739.00s.wav,1,American Pipit,09324,2MM09324_20250519_082402_2736.0
167,Spectrogram 1,1,830.000000000,835.000000000,0.000,12000.000,0.875_2_2MM16502_20250608_071102_2532.00s_2535.00s.wav,1,American Pipit,16502,2MM16502_20250608_071102_2532.0
161,Spectrogram 1,1,800.000000000,805.000000000,0.000,12000.000,0.850_4_2MM09324_20250519_082402_2745.00s_2748.00s.wav,1,American Pipit,09324,2MM09324_20250519_082402_2745.0
145,Spectrogram 1,1,720.000000000,725.000000000,0.000,12000.000,0.792_1_2MM09372_20250516_062802_2886.00s_2889.00s.wav,1,American Pipit,09372,2MM09372_20250516_062802_2886.0
133,Spectrogram 1,1,660.000000000,665.000000000,0.000,12000.000,0.753_3_2MM09324_20250519_082402_2721.00s_2724.00s.wav,1,American Pipit,09324,2MM09324_20250519_082402_2721.0
128,Spectrogram 1,1,635.000000000,640.000000000,0.000,12000.000,0.739_2_2MM09324_20250519_082402_2766.00s_2769.00s.wav,1,American Pipit,09324,2MM09324_20250519_082402_2766.0
27,Spectrogram 1,1,130.000000000,135.000000000,0.0,12000.0,0.267_7_2MM09416_20250518_052500_1524.00s_1527.00s.wav,1,Rock Pigeon,09416,2MM09416_20250518_052500_1524.0
21,Spectrogram 1,1,100.000000000,105.000000000,0.0,12000.0,0.534_6_2MM09319_20250611_051100_3342.00s_3345.00s.wav,1,Double-crested Cormorant,09319,2MM09319_20250611_051100_3342.0
158,Spectrogram 1,1,785.000000000,790.000000000,0.000,12000.000,0.527_4_2MM10926_20250627_081302_3543.00s_3546.00s.wav,1,Short-billed Dowitcher,10926,2MM10926_20250627_081302_3543.0
167,Spectrogram 1,1,830.000000000,835.000000000,0.000,12000.000,0.635_4_2MM10926_20250605_204000_3195.00s_3198.00s.wav,1,Short-billed Dowitcher,10926,2MM10926_20250605_204000_3195.0
2,Spectrogram 1,1,5.000000000,10.000000000,0.0,12000.0,0.283_7_2MM09483_20250613_061102_372.00s_375.00s.wav,1,Hudsonian Godwit,09483,2MM09483_20250613_061102_372.0
7,Spectrogram 1,1,30.000000000,35.000000000,0.0,12000.0,0.507_8_2MM16502_20250624_081202_2997.00s_3000.00s.wav,1,Hudsonian Godwit,16502,2MM16502_20250624_081202_2997.0
9,Spectrogram 1,1,40.000000000,45.000000000,0.0,12000.0,0.902_13_2MM09363_20250522_082102_963.00s_966.00s.wav,1,Hudsonian Godwit,09363,2MM09363_20250522_082102_963.0
111,Spectrogram 1,1,550.000000000,555.000000000,0.000,12000.000,0.568_1_2MM09485_20250629_081402_1713.00s_1716.00s.wav,1,Harris's Sparrow,09485,2MM09485_20250629_081402_1713.0
63,Spectrogram 1,1,310.000000000,315.000000000,0.000,12000.000,0.325_3_2MM09372_20250528_081702_3201.00s_3204.00s.wav,1,Harris's Sparrow,09372,2MM09372_20250528_081702_3201.0
14,Spectrogram 1,1,65.000000000,70.000000000,0.000,12000.000,0.294_1_2MM09362_20250518_073002_1302.00s_1305.00s.wav,1,Black-necked Stilt,09362,2MM09362_20250518_073002_1302.0
20,Spectrogram 1,1,95.000000000,100.000000000,0.000,12000.000,0.310_3_2MM09362_20250518_073002_1299.00s_1302.00s.wav,1,Black-necked Stilt,09362,2MM09362_20250518_073002_1299.0
30,Spectrogram 1,1,145.000000000,150.000000000,0.000,12000.000,0.385_4_2MM09362_20250518_073002_1314.00s_1317.00s.wav,1,Black-necked Stilt,09362,2MM09362_20250518_073002_1314.0
23,Waveform 1,1,110.000000000,115.000000000,0.0,12000.0,0.335_1_2MM12753_20250625_215302_1197.00s_1200.00s.wav,1,White-throated Sparrow,12753,2MM12753_20250625_215302_1197.0
23,Spectrogram 1,1,110.000000000,115.000000000,0.0,12000.0,0.335_1_2MM12753_20250625_215302_1197.00s_1200.00s.wav,1,White-throated Sparrow,12753,2MM12753_20250625_215302_1197.0
84,Waveform 1,1,414.000000000,419.000000000,0.0,12000.0,0.564_1_2MM09410_20250606_051200_3156.00s_3159.00s.wav,1,White-throated Sparrow,09410,2MM09410_20250606_051200_3156.0
84,Spectrogram 1,1,414.000000000,419.000000000,0.0,12000.0,0.564_1_2MM09410_20250606_051200_3156.00s_3159.00s.wav,1,White-throated Sparrow,09410,2MM09410_20250606_051200_3156.0
116,Waveform 1,1,574.000000000,579.000000000,0.0,12000.0,0.695_4_2MM16512_20250518_072502_927.00s_930.00s.wav,1,White-throated Sparrow,16512,2MM16512_20250518_072502_927.0
116,Spectrogram 1,1,574.000000000,579.000000000,0.0,12000.0,0.695_4_2MM16512_20250518_072502_927.00s_930.00s.wav,1,White-throated Sparrow,16512,2MM16512_20250518_072502_927.0
153,Waveform 1,1,759.000000000,764.000000000,0.0,12000.0,0.829_2_2MM09410_20250605_061202_459.00s_462.00s.wav,1,White-throated Sparrow,09410,2MM09410_20250605_061202_459.0
153,Spectrogram 1,1,759.000000000,764.000000000,0.0,12000.0,0.829_2_2MM09410_20250605_061202_459.00s_462.00s.wav,1,White-throated Sparrow,09410,2MM09410_20250605_061202_459.0
169,Spectrogram 1,1,839.000000000,844.000000000,0.000,12000.000,0.892_4_2MM09398_20250624_061202_3093.00s_3096.00s.wav,1,Marsh Wren,09398,2MM09398_20250624_061202_3093.0
163,Spectrogram 1,1,809.000000000,814.000000000,0.000,12000.000,0.870_3_2MM09398_20250621_081102_1164.00s_1167.00s.wav,1,Marsh Wren,09398,2MM09398_20250621_081102_1164.0
155,Spectrogram 1,1,769.000000000,774.000000000,0.000,12000.000,0.839_2_2MM09398_20250621_081102_1344.00s_1347.00s.wav,1,Marsh Wren,09398,2MM09398_20250621_081102_1344.0
151,Spectrogram 1,1,749.000000000,754.000000000,0.000,12000.000,0.824_4_2MM09398_20250621_071102_3090.00s_3093.00s.wav,1,Marsh Wren,09398,2MM09398_20250621_071102_3090.0
143,Spectrogram 1,1,709.000000000,714.000000000,0.000,12000.000,0.796_3_2MM09398_20250624_061202_3063.00s_3066.00s.wav,1,Marsh Wren,09398,2MM09398_20250624_061202_3063.0
142,Spectrogram 1,1,704.000000000,709.000000000,0.000,12000.000,0.796_1_2MM09398_20250624_081202_177.00s_180.00s.wav,1,Marsh Wren,09398,2MM09398_20250624_081202_177.0
128,Spectrogram 1,1,634.000000000,639.000000000,0.000,12000.000,0.739_3_2MM09398_20250621_071102_2577.00s_2580.00s.wav,1,Marsh Wren,09398,2MM09398_20250621_071102_2577.0
124,Spectrogram 1,1,614.000000000,619.000000000,0.000,12000.000,0.735_2_2MM09398_20250624_061202_3054.00s_3057.00s.wav,1,Marsh Wren,09398,2MM09398_20250624_061202_3054.0
117,Spectrogram 1,1,579.000000000,584.000000000,0.000,12000.000,0.691_3_2MM09398_20250613_061102_477.00s_480.00s.wav,1,Marsh Wren,09398,2MM09398_20250613_061102_477.0
116,Spectrogram 1,1,574.000000000,579.000000000,0.000,12000.000,0.682_1_2MM09398_20250613_071102_2250.00s_2253.00s.wav,1,Marsh Wren,09398,2MM09398_20250613_071102_2250.0
109,Spectrogram 1,1,539.000000000,544.000000000,0.000,12000.000,0.659_2_2MM09398_20250626_061302_2430.00s_2433.00s.wav,1,Marsh Wren,09398,2MM09398_20250626_061302_2430.0
102,Spectrogram 1,1,504.000000000,509.000000000,0.000,12000.000,0.630_1_2MM09398_20250614_071002_2187.00s_2190.00s.wav,1,Marsh Wren,09398,2MM09398_20250614_071002_2187.0
101,Spectrogram 1,1,499.000000000,504.000000000,0.000,12000.000,0.625_3_2MM09398_20250626_071317_2019.00s_2022.00s.wav,1,Marsh Wren,09398,2MM09398_20250626_071317_2019.0
100,Spectrogram 1,1,494.000000000,499.000000000,0.000,12000.000,0.624_2_2MM09398_20250626_071317_777.00s_780.00s.wav,1,Marsh Wren,09398,2MM09398_20250626_071317_777.0
96,Spectrogram 1,1,474.000000000,479.000000000,0.000,12000.000,0.613_4_2MM09485_20250617_071102_1740.00s_1743.00s.wav,1,Marsh Wren,09485,2MM09485_20250617_071102_1740.0
85,Spectrogram 1,1,419.000000000,424.000000000,0.000,12000.000,0.557_2_2MM09398_20250621_071102_3579.00s_3582.00s.wav,1,Marsh Wren,09398,2MM09398_20250621_071102_3579.0
83,Spectrogram 1,1,409.000000000,414.000000000,0.000,12000.000,0.551_1_2MM09398_20250620_051100_2430.00s_2433.00s.wav,1,Marsh Wren,09398,2MM09398_20250620_051100_2430.0
81,Spectrogram 1,1,399.000000000,404.000000000,0.000,12000.000,0.549_1_2MM09398_20250626_061302_2829.00s_2832.00s.wav,1,Marsh Wren,09398,2MM09398_20250626_061302_2829.0
77,Spectrogram 1,1,379.000000000,384.000000000,0.000,12000.000,0.533_1_2MM16593_20250622_051900_2604.00s_2607.00s.wav,1,Marsh Wren,16593,2MM16593_20250622_051900_2604.0
72,Spectrogram 1,1,354.000000000,359.000000000,0.000,12000.000,0.509_2_2MM09398_20250613_061102_1710.00s_1713.00s.wav,1,Marsh Wren,09398,2MM09398_20250613_061102_1710.0
65,Spectrogram 1,1,319.000000000,324.000000000,0.000,12000.000,0.491_1_2MM09398_20250625_081202_3198.00s_3201.00s.wav,1,Marsh Wren,09398,2MM09398_20250625_081202_3198.0
64,Spectrogram 1,1,314.000000000,319.000000000,0.000,12000.000,0.490_3_2MM09485_20250617_071102_549.00s_552.00s.wav,1,Marsh Wren,09485,2MM09485_20250617_071102_549.0
62,Spectrogram 1,1,304.000000000,309.000000000,0.000,12000.000,0.476_4_2MM12666_20250611_062202_1662.00s_1665.00s.wav,1,Marsh Wren,12666,2MM12666_20250611_062202_1662.0
59,Spectrogram 1,1,289.000000000,294.000000000,0.000,12000.000,0.473_1_2MM09398_20250624_061202_3075.00s_3078.00s.wav,1,Marsh Wren,09398,2MM09398_20250624_061202_3075.0
44,Spectrogram 1,1,214.000000000,219.000000000,0.000,12000.000,0.409_2_2MM09398_20250607_081202_2013.00s_2016.00s.wav,1,Marsh Wren,09398,2MM09398_20250607_081202_2013.0
40,Spectrogram 1,1,194.000000000,199.000000000,0.000,12000.000,0.395_1_2MM09398_20250611_081102_1875.00s_1878.00s.wav,1,Marsh Wren,09398,2MM09398_20250611_081102_1875.0
37,Spectrogram 1,1,179.000000000,184.000000000,0.000,12000.000,0.378_1_2MM09485_20250630_081502_9.00s_12.00s.wav,1,Marsh Wren,09485,2MM09485_20250630_081502_9.0
34,Spectrogram 1,1,164.000000000,169.000000000,0.000,12000.000,0.370_2_2MM09485_20250607_204200_663.00s_666.00s.wav,1,Marsh Wren,09485,2MM09485_20250607_204200_663.0
33,Spectrogram 1,1,159.000000000,164.000000000,0.000,12000.000,0.370_1_2MM09398_20250615_051000_2424.00s_2427.00s.wav,1,Marsh Wren,09398,2MM09398_20250615_051000_2424.0
32,Spectrogram 1,1,154.000000000,159.000000000,0.000,12000.000,0.367_1_2MM09398_20250621_071102_549.00s_552.00s.wav,1,Marsh Wren,09398,2MM09398_20250621_071102_549.0
31,Spectrogram 1,1,149.000000000,154.000000000,0.000,12000.000,0.366_1_2MM09398_20250621_061102_3393.00s_3396.00s.wav,1,Marsh Wren,09398,2MM09398_20250621_061102_3393.0
30,Spectrogram 1,1,144.000000000,149.000000000,0.000,12000.000,0.365_1_2MM09485_20250626_204800_1908.00s_1911.00s.wav,1,Marsh Wren,09485,2MM09485_20250626_204800_1908.0
23,Spectrogram 1,1,109.000000000,114.000000000,0.000,12000.000,0.336_1_2MM09398_20250623_071202_411.00s_414.00s.wav,1,Marsh Wren,09398,2MM09398_20250623_071202_411.0
22,Spectrogram 1,1,104.000000000,109.000000000,0.000,12000.000,0.330_1_2MM09398_20250613_061102_1566.00s_1569.00s.wav,1,Marsh Wren,09398,2MM09398_20250613_061102_1566.0
21,Spectrogram 1,1,99.000000000,104.000000000,0.000,12000.000,0.329_1_2MM09402_20250628_061402_3471.00s_3474.00s.wav,1,Marsh Wren,09402,2MM09402_20250628_061402_3471.0
20,Spectrogram 1,1,94.000000000,99.000000000,0.000,12000.000,0.321_2_2MM09485_20250617_071102_2850.00s_2853.00s.wav,1,Marsh Wren,09485,2MM09485_20250617_071102_2850.0
19,Spectrogram 1,1,89.000000000,94.000000000,0.000,12000.000,0.307_1_2MM12666_20250625_210200_1320.00s_1323.00s.wav,1,Marsh Wren,12666,2MM12666_20250625_210200_1320.0
12,Spectrogram 1,1,54.000000000,59.000000000,0.000,12000.000,0.276_2_2MM12666_20250604_062402_2607.00s_2610.00s.wav,1,Marsh Wren,12666,2MM12666_20250604_062402_2607.0
10,Spectrogram 1,1,44.000000000,49.000000000,0.000,12000.000,0.268_2_2MM09485_20250617_061102_537.00s_540.00s.wav,1,Marsh Wren,09485,2MM09485_20250617_061102_537.0
3,Spectrogram 1,1,10.000000000,15.000000000,0.000,12000.000,0.260_3_2MM09452_20250520_072302_2706.00s_2709.00s.wav,1,Forster's Tern,09452,2MM09452_20250520_072302_2706.0
9,Spectrogram 1,1,39.000000000,44.000000000,0.000,12000.000,0.273_5_2MM12666_20250610_052200_2520.00s_2523.00s.wav,1,Forster's Tern,12666,2MM12666_20250610_052200_2520.0
14,Spectrogram 1,1,64.000000000,69.000000000,0.000,12000.000,0.308_3_2MM09402_20250618_204700_711.00s_714.00s.wav,1,Forster's Tern,09402,2MM09402_20250618_204700_711.0
32,Spectrogram 1,1,154.000000000,159.000000000,0.000,12000.000,0.444_2_2MM09452_20250524_062002_2517.00s_2520.00s.wav,1,Forster's Tern,09452,2MM09452_20250524_062002_2517.0
37,Spectrogram 1,1,179.000000000,184.000000000,0.000,12000.000,0.551_5_2MM09452_20250521_072202_2373.00s_2376.00s.wav,1,Forster's Tern,09452,2MM09452_20250521_072202_2373.0
38,Spectrogram 1,1,184.000000000,189.000000000,0.000,12000.000,0.570_10_2MM09452_20250523_082102_2739.00s_2742.00s.wav,1,Forster's Tern,09452,2MM09452_20250523_082102_2739.0
39,Spectrogram 1,1,189.000000000,194.000000000,0.000,12000.000,0.587_5_2MM09452_20250523_082102_2730.00s_2733.00s.wav,1,Forster's Tern,09452,2MM09452_20250523_082102_2730.0
40,Spectrogram 1,1,194.000000000,199.000000000,0.000,12000.000,0.591_3_2MM12666_20250527_082902_2232.00s_2235.00s.wav,1,Forster's Tern,12666,2MM12666_20250527_082902_2232.0
42,Spectrogram 1,1,204.000000000,209.000000000,0.000,12000.000,0.622_4_2MM09452_20250612_061102_2034.00s_2037.00s.wav,1,Forster's Tern,09452,2MM09452_20250612_061102_2034.0
43,Spectrogram 1,1,209.000000000,214.000000000,0.000,12000.000,0.630_11_2MM09452_20250521_062202_2214.00s_2217.00s.wav,1,Forster's Tern,09452,2MM09452_20250521_062202_2214.0
44,Spectrogram 1,1,214.000000000,219.000000000,0.000,12000.000,0.657_8_2MM09452_20250523_082102_2778.00s_2781.00s.wav,1,Forster's Tern,09452,2MM09452_20250523_082102_2778.0
45,Spectrogram 1,1,219.000000000,224.000000000,0.000,12000.000,0.746_7_2MM09319_20250624_214802_1167.00s_1170.00s.wav,1,Forster's Tern,09319,2MM09319_20250624_214802_1167.0
46,Spectrogram 1,1,224.000000000,229.000000000,0.000,12000.000,0.780_13_2MM09452_20250523_082102_2721.00s_2724.00s.wav,1,Forster's Tern,09452,2MM09452_20250523_082102_2721.0
47,Spectrogram 1,1,229.000000000,234.000000000,0.000,12000.000,0.823_6_2MM09452_20250521_072202_1899.00s_1902.00s.wav,1,Forster's Tern,09452,2MM09452_20250521_072202_1899.0
48,Spectrogram 1,1,234.000000000,239.000000000,0.000,12000.000,0.831_10_2MM09452_20250521_062202_3006.00s_3009.00s.wav,1,Forster's Tern,09452,2MM09452_20250521_062202_3006.0
49,Spectrogram 1,1,239.000000000,244.000000000,0.000,12000.000,0.838_16_2MM09452_20250523_082102_2748.00s_2751.00s.wav,1,Forster's Tern,09452,2MM09452_20250523_082102_2748.0
50,Spectrogram 1,1,244.000000000,249.000000000,0.000,12000.000,0.868_4_2MM09452_20250520_072302_2703.00s_2706.00s.wav,1,Forster's Tern,09452,2MM09452_20250520_072302_2703.0
51,Spectrogram 1,1,249.000000000,254.000000000,0.000,12000.000,0.887_7_2MM09452_20250523_082102_2745.00s_2748.00s.wav,1,Forster's Tern,09452,2MM09452_20250523_082102_2745.0
52,Spectrogram 1,1,254.000000000,259.000000000,0.000,12000.000,0.889_4_2MM09452_20250523_082102_2727.00s_2730.00s.wav,1,Forster's Tern,09452,2MM09452_20250523_082102_2727.0
53,Spectrogram 1,1,259.000000000,264.000000000,0.000,12000.000,0.910_3_2MM09452_20250521_072202_2370.00s_2373.00s.wav,1,Forster's Tern,09452,2MM09452_20250521_072202_2370.0
54,Spectrogram 1,1,264.000000000,269.000000000,0.000,12000.000,0.912_2_2MM09402_20250518_082502_2343.00s_2346.00s.wav,1,Forster's Tern,09402,2MM09402_20250518_082502_2343.0
55,Spectrogram 1,1,269.000000000,274.000000000,0.000,12000.000,0.928_1_2MM09452_20250617_081102_3558.00s_3561.00s.wav,1,Forster's Tern,09452,2MM09452_20250617_081102_3558.0
56,Spectrogram 1,1,274.000000000,279.000000000,0.000,12000.000,0.934_2_2MM09452_20250617_081102_3552.00s_3555.00s.wav,1,Forster's Tern,09452,2MM09452_20250617_081102_3552.0
57,Spectrogram 1,1,279.000000000,284.000000000,0.000,12000.000,0.943_6_2MM09452_20250523_082102_2733.00s_2736.00s.wav,1,Forster's Tern,09452,2MM09452_20250523_082102_2733.0
58,Spectrogram 1,1,284.000000000,289.000000000,0.000,12000.000,0.945_4_2MM09452_20250617_061102_1689.00s_1692.00s.wav,1,Forster's Tern,09452,2MM09452_20250617_061102_1689.0
59,Spectrogram 1,1,289.000000000,294.000000000,0.000,12000.000,0.947_9_2MM09452_20250523_082102_2724.00s_2727.00s.wav,1,Forster's Tern,09452,2MM09452_20250523_082102_2724.0
60,Spectrogram 1,1,294.000000000,299.000000000,0.000,12000.000,0.960_15_2MM09452_20250523_082102_2760.00s_2763.00s.wav,1,Forster's Tern,09452,2MM09452_20250523_082102_2760.0
62,Spectrogram 1,1,304.000000000,309.000000000,0.000,12000.000,0.966_12_2MM09452_20250523_082102_2736.00s_2739.00s.wav,1,Forster's Tern,09452,2MM09452_20250523_082102_2736.0
63,Spectrogram 1,1,309.000000000,314.000000000,0.000,12000.000,0.977_3_2MM09452_20250524_062002_2511.00s_2514.00s.wav,1,Forster's Tern,09452,2MM09452_20250524_062002_2511.0
64,Spectrogram 1,1,314.000000000,319.000000000,0.000,12000.000,0.986_14_2MM09452_20250523_082102_2718.00s_2721.00s.wav,1,Forster's Tern,09452,2MM09452_20250523_082102_2718.0
65,Spectrogram 1,1,319.000000000,324.000000000,0.000,12000.000,0.987_11_2MM09452_20250523_082102_2742.00s_2745.00s.wav,1,Forster's Tern,09452,2MM09452_20250523_082102_2742.0
66,Spectrogram 1,1,324.000000000,329.000000000,0.000,12000.000,0.990_4_2MM12666_20250610_052200_2532.00s_2535.00s.wav,1,Forster's Tern,12666,2MM12666_20250610_052200_2532.0
67,Spectrogram 1,1,329.000000000,334.000000000,0.000,12000.000,0.998_9_2MM09452_20250521_062202_2211.00s_2214.00s.wav,1,Forster's Tern,09452,2MM09452_20250521_062202_2211.0
9,Spectrogram 1,1,40.000000000,45.000000000,0.000,12000.000,0.257_9_2MM09335_20250615_081002_906.00s_909.00s.wav,1,Caspian Tern,09335,2MM09335_20250615_081002_906.0
30,Spectrogram 1,1,145.000000000,150.000000000,0.000,12000.000,0.291_1_2MM09409_20250611_070802_3432.00s_3435.00s.wav,1,Caspian Tern,09409,2MM09409_20250611_070802_3432.0
35,Spectrogram 1,1,170.000000000,175.000000000,0.000,12000.000,0.306_3_2MM12944_20250607_080902_1401.00s_1404.00s.wav,1,Caspian Tern,12944,2MM12944_20250607_080902_1401.0
41,Spectrogram 1,1,200.000000000,205.000000000,0.000,12000.000,0.324_2_2MM09335_20250615_081002_900.00s_903.00s.wav,1,Caspian Tern,09335,2MM09335_20250615_081002_900.0
66,Spectrogram 1,1,325.000000000,330.000000000,0.000,12000.000,0.406_6_2MM09335_20250615_081002_870.00s_873.00s.wav,1,Caspian Tern,09335,2MM09335_20250615_081002_870.0
74,Spectrogram 1,1,365.000000000,370.000000000,0.000,12000.000,0.454_4_2MM09396_20250621_204700_636.00s_639.00s.wav,1,Caspian Tern,09396,2MM09396_20250621_204700_636.0
85,Spectrogram 1,1,420.000000000,425.000000000,0.000,12000.000,0.503_5_2MM09335_20250615_081002_873.00s_876.00s.wav,1,Caspian Tern,09335,2MM09335_20250615_081002_873.0
97,Spectrogram 1,1,480.000000000,485.000000000,0.000,12000.000,0.638_7_2MM09335_20250615_081002_903.00s_906.00s.wav,1,Caspian Tern,09335,2MM09335_20250615_081002_903.0
105,Spectrogram 1,1,520.000000000,525.000000000,0.000,12000.000,0.769_3_2MM09335_20250615_081002_894.00s_897.00s.wav,1,Caspian Tern,09335,2MM09335_20250615_081002_894.0
107,Spectrogram 1,1,530.000000000,535.000000000,0.000,12000.000,0.846_2_2MM09452_20250605_081202_1068.00s_1071.00s.wav,1,Caspian Tern,09452,2MM09452_20250605_081202_1068.0
109,Spectrogram 1,1,540.000000000,545.000000000,0.000,12000.000,0.934_2_2MM09334_20250607_080902_1401.00s_1404.00s.wav,1,Caspian Tern,09334,2MM09334_20250607_080902_1401.0
110,Spectrogram 1,1,545.000000000,550.000000000,0.000,12000.000,0.951_3_2MM09452_20250605_081202_1086.00s_1089.00s.wav,1,Caspian Tern,09452,2MM09452_20250605_081202_1086.0
112,Spectrogram 1,1,555.000000000,560.000000000,0.000,12000.000,0.983_8_2MM09335_20250615_081002_891.00s_894.00s.wav,1,Caspian Tern,09335,2MM09335_20250615_081002_891.0
113,Spectrogram 1,1,560.000000000,565.000000000,0.000,12000.000,0.989_4_2MM09335_20250615_081002_897.00s_900.00s.wav,1,Caspian Tern,09335,2MM09335_20250615_081002_897.0
12,Spectrogram 1,1,55.000000000,60.000000000,0.0,12000.0,0.303_3_2MM12666_20250619_082202_2040.00s_2043.00s.wav,1,Franklin's Gull,12666,2MM12666_20250619_082202_2040.0
19,Spectrogram 1,1,90.000000000,95.000000000,0.0,12000.0,0.328_2_2MM09319_20250630_204800_132.00s_135.00s.wav,1,Franklin's Gull,09319,2MM09319_20250630_204800_132.0
24,Spectrogram 1,1,115.000000000,120.000000000,0.0,12000.0,0.391_2_2MM16510_20250518_052200_1224.00s_1227.00s.wav,1,Franklin's Gull,16510,2MM16510_20250518_052200_1224.0
40,Spectrogram 1,1,195.000000000,200.000000000,0.0,12000.0,0.989_3_2MM09319_20250630_204800_138.00s_141.00s.wav,1,Franklin's Gull,09319,2MM09319_20250630_204800_138.0
157,Spectrogram 1,1,780.000000000,785.000000000,0.000,12000.000,0.913_7_2MM12747_20250524_081502_1368.00s_1371.00s.wav,1,Winter Wren,12747,2MM12747_20250524_081502_1368.0
137,Spectrogram 1,1,680.000000000,685.000000000,0.000,12000.000,0.771_6_2MM12747_20250524_081502_1191.00s_1194.00s.wav,1,Winter Wren,12747,2MM12747_20250524_081502_1191.0
107,Spectrogram 1,1,530.000000000,535.000000000,0.000,12000.000,0.641_5_2MM12747_20250524_081502_1212.00s_1215.00s.wav,1,Winter Wren,12747,2MM12747_20250524_081502_1212.0
72,Spectrogram 1,1,355.000000000,360.000000000,0.000,12000.000,0.516_5_2MM16591_20250630_071502_1500.00s_1503.00s.wav,1,Winter Wren,16591,2MM16591_20250630_071502_1500.0
47,Spectrogram 1,1,230.000000000,235.000000000,0.000,12000.000,0.423_2_2MM09448_20250531_071502_1623.00s_1626.00s.wav,1,Winter Wren,09448,2MM09448_20250531_071502_1623.0
